filename,page_type,city,state,url
traffic-ticket-search-miami-fl.html,Traffic Ticket Search,Miami,FL,https://trafficticketsearch.com/traffic-ticket-search-miami-fl.html
speeding-ticket-help-miami-fl.html,Speeding Ticket Help,Miami,FL,https://trafficticketsearch.com/speeding-ticket-help-miami-fl.html
traffic-ticket-search-fort-lauderdale-fl.html,Traffic Ticket Search,Fort Lauderdale,FL,https://trafficticketsearch.com/traffic-ticket-search-fort-lauderdale-fl.html
speeding-ticket-help-fort-lauderdale-fl.html,Speeding Ticket Help,Fort Lauderdale,FL,https://trafficticketsearch.com/speeding-ticket-help-fort-lauderdale-fl.html
traffic-ticket-search-west-palm-beach-fl.html,Traffic Ticket Search,West Palm Beach,FL,https://trafficticketsearch.com/traffic-ticket-search-west-palm-beach-fl.html
speeding-ticket-help-west-palm-beach-fl.html,Speeding Ticket Help,West Palm Beach,FL,https://trafficticketsearch.com/speeding-ticket-help-west-palm-beach-fl.html
traffic-ticket-search-orlando-fl.html,Traffic Ticket Search,Orlando,FL,https://trafficticketsearch.com/traffic-ticket-search-orlando-fl.html
speeding-ticket-help-orlando-fl.html,Speeding Ticket Help,Orlando,FL,https://trafficticketsearch.com/speeding-ticket-help-orlando-fl.html
traffic-ticket-search-tampa-fl.html,Traffic Ticket Search,Tampa,FL,https://trafficticketsearch.com/traffic-ticket-search-tampa-fl.html
speeding-ticket-help-tampa-fl.html,Speeding Ticket Help,Tampa,FL,https://trafficticketsearch.com/speeding-ticket-help-tampa-fl.html
traffic-ticket-search-jacksonville-fl.html,Traffic Ticket Search,Jacksonville,FL,https://trafficticketsearch.com/traffic-ticket-search-jacksonville-fl.html
speeding-ticket-help-jacksonville-fl.html,Speeding Ticket Help,Jacksonville,FL,https://trafficticketsearch.com/speeding-ticket-help-jacksonville-fl.html
traffic-ticket-search-st-petersburg-fl.html,Traffic Ticket Search,St Petersburg,FL,https://trafficticketsearch.com/traffic-ticket-search-st-petersburg-fl.html
speeding-ticket-help-st-petersburg-fl.html,Speeding Ticket Help,St Petersburg,FL,https://trafficticketsearch.com/speeding-ticket-help-st-petersburg-fl.html
traffic-ticket-search-naples-fl.html,Traffic Ticket Search,Naples,FL,https://trafficticketsearch.com/traffic-ticket-search-naples-fl.html
speeding-ticket-help-naples-fl.html,Speeding Ticket Help,Naples,FL,https://trafficticketsearch.com/speeding-ticket-help-naples-fl.html
traffic-ticket-search-fort-myers-fl.html,Traffic Ticket Search,Fort Myers,FL,https://trafficticketsearch.com/traffic-ticket-search-fort-myers-fl.html
speeding-ticket-help-fort-myers-fl.html,Speeding Ticket Help,Fort Myers,FL,https://trafficticketsearch.com/speeding-ticket-help-fort-myers-fl.html
traffic-ticket-search-sarasota-fl.html,Traffic Ticket Search,Sarasota,FL,https://trafficticketsearch.com/traffic-ticket-search-sarasota-fl.html
speeding-ticket-help-sarasota-fl.html,Speeding Ticket Help,Sarasota,FL,https://trafficticketsearch.com/speeding-ticket-help-sarasota-fl.html
traffic-ticket-search-houston-tx.html,Traffic Ticket Search,Houston,TX,https://trafficticketsearch.com/traffic-ticket-search-houston-tx.html
speeding-ticket-help-houston-tx.html,Speeding Ticket Help,Houston,TX,https://trafficticketsearch.com/speeding-ticket-help-houston-tx.html
traffic-ticket-search-dallas-tx.html,Traffic Ticket Search,Dallas,TX,https://trafficticketsearch.com/traffic-ticket-search-dallas-tx.html
speeding-ticket-help-dallas-tx.html,Speeding Ticket Help,Dallas,TX,https://trafficticketsearch.com/speeding-ticket-help-dallas-tx.html
traffic-ticket-search-austin-tx.html,Traffic Ticket Search,Austin,TX,https://trafficticketsearch.com/traffic-ticket-search-austin-tx.html
speeding-ticket-help-austin-tx.html,Speeding Ticket Help,Austin,TX,https://trafficticketsearch.com/speeding-ticket-help-austin-tx.html
traffic-ticket-search-san-antonio-tx.html,Traffic Ticket Search,San Antonio,TX,https://trafficticketsearch.com/traffic-ticket-search-san-antonio-tx.html
speeding-ticket-help-san-antonio-tx.html,Speeding Ticket Help,San Antonio,TX,https://trafficticketsearch.com/speeding-ticket-help-san-antonio-tx.html
traffic-ticket-search-fort-worth-tx.html,Traffic Ticket Search,Fort Worth,TX,https://trafficticketsearch.com/traffic-ticket-search-fort-worth-tx.html
speeding-ticket-help-fort-worth-tx.html,Speeding Ticket Help,Fort Worth,TX,https://trafficticketsearch.com/speeding-ticket-help-fort-worth-tx.html
traffic-ticket-search-el-paso-tx.html,Traffic Ticket Search,El Paso,TX,https://trafficticketsearch.com/traffic-ticket-search-el-paso-tx.html
speeding-ticket-help-el-paso-tx.html,Speeding Ticket Help,El Paso,TX,https://trafficticketsearch.com/speeding-ticket-help-el-paso-tx.html
traffic-ticket-search-plano-tx.html,Traffic Ticket Search,Plano,TX,https://trafficticketsearch.com/traffic-ticket-search-plano-tx.html
speeding-ticket-help-plano-tx.html,Speeding Ticket Help,Plano,TX,https://trafficticketsearch.com/speeding-ticket-help-plano-tx.html
traffic-ticket-search-arlington-tx.html,Traffic Ticket Search,Arlington,TX,https://trafficticketsearch.com/traffic-ticket-search-arlington-tx.html
speeding-ticket-help-arlington-tx.html,Speeding Ticket Help,Arlington,TX,https://trafficticketsearch.com/speeding-ticket-help-arlington-tx.html
traffic-ticket-search-corpus-christi-tx.html,Traffic Ticket Search,Corpus Christi,TX,https://trafficticketsearch.com/traffic-ticket-search-corpus-christi-tx.html
speeding-ticket-help-corpus-christi-tx.html,Speeding Ticket Help,Corpus Christi,TX,https://trafficticketsearch.com/speeding-ticket-help-corpus-christi-tx.html
traffic-ticket-search-lubbock-tx.html,Traffic Ticket Search,Lubbock,TX,https://trafficticketsearch.com/traffic-ticket-search-lubbock-tx.html
speeding-ticket-help-lubbock-tx.html,Speeding Ticket Help,Lubbock,TX,https://trafficticketsearch.com/speeding-ticket-help-lubbock-tx.html
traffic-ticket-search-los-angeles-ca.html,Traffic Ticket Search,Los Angeles,CA,https://trafficticketsearch.com/traffic-ticket-search-los-angeles-ca.html
speeding-ticket-help-los-angeles-ca.html,Speeding Ticket Help,Los Angeles,CA,https://trafficticketsearch.com/speeding-ticket-help-los-angeles-ca.html
traffic-ticket-search-san-diego-ca.html,Traffic Ticket Search,San Diego,CA,https://trafficticketsearch.com/traffic-ticket-search-san-diego-ca.html
speeding-ticket-help-san-diego-ca.html,Speeding Ticket Help,San Diego,CA,https://trafficticketsearch.com/speeding-ticket-help-san-diego-ca.html
traffic-ticket-search-san-jose-ca.html,Traffic Ticket Search,San Jose,CA,https://trafficticketsearch.com/traffic-ticket-search-san-jose-ca.html
speeding-ticket-help-san-jose-ca.html,Speeding Ticket Help,San Jose,CA,https://trafficticketsearch.com/speeding-ticket-help-san-jose-ca.html
traffic-ticket-search-sacramento-ca.html,Traffic Ticket Search,Sacramento,CA,https://trafficticketsearch.com/traffic-ticket-search-sacramento-ca.html
speeding-ticket-help-sacramento-ca.html,Speeding Ticket Help,Sacramento,CA,https://trafficticketsearch.com/speeding-ticket-help-sacramento-ca.html
traffic-ticket-search-fresno-ca.html,Traffic Ticket Search,Fresno,CA,https://trafficticketsearch.com/traffic-ticket-search-fresno-ca.html
speeding-ticket-help-fresno-ca.html,Speeding Ticket Help,Fresno,CA,https://trafficticketsearch.com/speeding-ticket-help-fresno-ca.html
traffic-ticket-search-long-beach-ca.html,Traffic Ticket Search,Long Beach,CA,https://trafficticketsearch.com/traffic-ticket-search-long-beach-ca.html
speeding-ticket-help-long-beach-ca.html,Speeding Ticket Help,Long Beach,CA,https://trafficticketsearch.com/speeding-ticket-help-long-beach-ca.html
traffic-ticket-search-anaheim-ca.html,Traffic Ticket Search,Anaheim,CA,https://trafficticketsearch.com/traffic-ticket-search-anaheim-ca.html
speeding-ticket-help-anaheim-ca.html,Speeding Ticket Help,Anaheim,CA,https://trafficticketsearch.com/speeding-ticket-help-anaheim-ca.html
traffic-ticket-search-riverside-ca.html,Traffic Ticket Search,Riverside,CA,https://trafficticketsearch.com/traffic-ticket-search-riverside-ca.html
speeding-ticket-help-riverside-ca.html,Speeding Ticket Help,Riverside,CA,https://trafficticketsearch.com/speeding-ticket-help-riverside-ca.html
traffic-ticket-search-oakland-ca.html,Traffic Ticket Search,Oakland,CA,https://trafficticketsearch.com/traffic-ticket-search-oakland-ca.html
speeding-ticket-help-oakland-ca.html,Speeding Ticket Help,Oakland,CA,https://trafficticketsearch.com/speeding-ticket-help-oakland-ca.html
traffic-ticket-search-bakersfield-ca.html,Traffic Ticket Search,Bakersfield,CA,https://trafficticketsearch.com/traffic-ticket-search-bakersfield-ca.html
speeding-ticket-help-bakersfield-ca.html,Speeding Ticket Help,Bakersfield,CA,https://trafficticketsearch.com/speeding-ticket-help-bakersfield-ca.html
traffic-ticket-search-new-york-city-ny.html,Traffic Ticket Search,New York City,NY,https://trafficticketsearch.com/traffic-ticket-search-new-york-city-ny.html
speeding-ticket-help-new-york-city-ny.html,Speeding Ticket Help,New York City,NY,https://trafficticketsearch.com/speeding-ticket-help-new-york-city-ny.html
traffic-ticket-search-brooklyn-ny.html,Traffic Ticket Search,Brooklyn,NY,https://trafficticketsearch.com/traffic-ticket-search-brooklyn-ny.html
speeding-ticket-help-brooklyn-ny.html,Speeding Ticket Help,Brooklyn,NY,https://trafficticketsearch.com/speeding-ticket-help-brooklyn-ny.html
traffic-ticket-search-queens-ny.html,Traffic Ticket Search,Queens,NY,https://trafficticketsearch.com/traffic-ticket-search-queens-ny.html
speeding-ticket-help-queens-ny.html,Speeding Ticket Help,Queens,NY,https://trafficticketsearch.com/speeding-ticket-help-queens-ny.html
traffic-ticket-search-bronx-ny.html,Traffic Ticket Search,Bronx,NY,https://trafficticketsearch.com/traffic-ticket-search-bronx-ny.html
speeding-ticket-help-bronx-ny.html,Speeding Ticket Help,Bronx,NY,https://trafficticketsearch.com/speeding-ticket-help-bronx-ny.html
traffic-ticket-search-buffalo-ny.html,Traffic Ticket Search,Buffalo,NY,https://trafficticketsearch.com/traffic-ticket-search-buffalo-ny.html
speeding-ticket-help-buffalo-ny.html,Speeding Ticket Help,Buffalo,NY,https://trafficticketsearch.com/speeding-ticket-help-buffalo-ny.html
traffic-ticket-search-chicago-il.html,Traffic Ticket Search,Chicago,IL,https://trafficticketsearch.com/traffic-ticket-search-chicago-il.html
speeding-ticket-help-chicago-il.html,Speeding Ticket Help,Chicago,IL,https://trafficticketsearch.com/speeding-ticket-help-chicago-il.html
traffic-ticket-search-aurora-il.html,Traffic Ticket Search,Aurora,IL,https://trafficticketsearch.com/traffic-ticket-search-aurora-il.html
speeding-ticket-help-aurora-il.html,Speeding Ticket Help,Aurora,IL,https://trafficticketsearch.com/speeding-ticket-help-aurora-il.html
traffic-ticket-search-naperville-il.html,Traffic Ticket Search,Naperville,IL,https://trafficticketsearch.com/traffic-ticket-search-naperville-il.html
speeding-ticket-help-naperville-il.html,Speeding Ticket Help,Naperville,IL,https://trafficticketsearch.com/speeding-ticket-help-naperville-il.html
traffic-ticket-search-joliet-il.html,Traffic Ticket Search,Joliet,IL,https://trafficticketsearch.com/traffic-ticket-search-joliet-il.html
speeding-ticket-help-joliet-il.html,Speeding Ticket Help,Joliet,IL,https://trafficticketsearch.com/speeding-ticket-help-joliet-il.html
traffic-ticket-search-rockford-il.html,Traffic Ticket Search,Rockford,IL,https://trafficticketsearch.com/traffic-ticket-search-rockford-il.html
speeding-ticket-help-rockford-il.html,Speeding Ticket Help,Rockford,IL,https://trafficticketsearch.com/speeding-ticket-help-rockford-il.html
traffic-ticket-search-atlanta-ga.html,Traffic Ticket Search,Atlanta,GA,https://trafficticketsearch.com/traffic-ticket-search-atlanta-ga.html
speeding-ticket-help-atlanta-ga.html,Speeding Ticket Help,Atlanta,GA,https://trafficticketsearch.com/speeding-ticket-help-atlanta-ga.html
traffic-ticket-search-savannah-ga.html,Traffic Ticket Search,Savannah,GA,https://trafficticketsearch.com/traffic-ticket-search-savannah-ga.html
speeding-ticket-help-savannah-ga.html,Speeding Ticket Help,Savannah,GA,https://trafficticketsearch.com/speeding-ticket-help-savannah-ga.html
traffic-ticket-search-augusta-ga.html,Traffic Ticket Search,Augusta,GA,https://trafficticketsearch.com/traffic-ticket-search-augusta-ga.html
speeding-ticket-help-augusta-ga.html,Speeding Ticket Help,Augusta,GA,https://trafficticketsearch.com/speeding-ticket-help-augusta-ga.html
traffic-ticket-search-columbus-ga.html,Traffic Ticket Search,Columbus,GA,https://trafficticketsearch.com/traffic-ticket-search-columbus-ga.html
speeding-ticket-help-columbus-ga.html,Speeding Ticket Help,Columbus,GA,https://trafficticketsearch.com/speeding-ticket-help-columbus-ga.html
traffic-ticket-search-macon-ga.html,Traffic Ticket Search,Macon,GA,https://trafficticketsearch.com/traffic-ticket-search-macon-ga.html
speeding-ticket-help-macon-ga.html,Speeding Ticket Help,Macon,GA,https://trafficticketsearch.com/speeding-ticket-help-macon-ga.html
traffic-ticket-search-phoenix-az.html,Traffic Ticket Search,Phoenix,AZ,https://trafficticketsearch.com/traffic-ticket-search-phoenix-az.html
speeding-ticket-help-phoenix-az.html,Speeding Ticket Help,Phoenix,AZ,https://trafficticketsearch.com/speeding-ticket-help-phoenix-az.html
traffic-ticket-search-mesa-az.html,Traffic Ticket Search,Mesa,AZ,https://trafficticketsearch.com/traffic-ticket-search-mesa-az.html
speeding-ticket-help-mesa-az.html,Speeding Ticket Help,Mesa,AZ,https://trafficticketsearch.com/speeding-ticket-help-mesa-az.html
traffic-ticket-search-scottsdale-az.html,Traffic Ticket Search,Scottsdale,AZ,https://trafficticketsearch.com/traffic-ticket-search-scottsdale-az.html
speeding-ticket-help-scottsdale-az.html,Speeding Ticket Help,Scottsdale,AZ,https://trafficticketsearch.com/speeding-ticket-help-scottsdale-az.html
traffic-ticket-search-tucson-az.html,Traffic Ticket Search,Tucson,AZ,https://trafficticketsearch.com/traffic-ticket-search-tucson-az.html
speeding-ticket-help-tucson-az.html,Speeding Ticket Help,Tucson,AZ,https://trafficticketsearch.com/speeding-ticket-help-tucson-az.html
traffic-ticket-search-glendale-az.html,Traffic Ticket Search,Glendale,AZ,https://trafficticketsearch.com/traffic-ticket-search-glendale-az.html
speeding-ticket-help-glendale-az.html,Speeding Ticket Help,Glendale,AZ,https://trafficticketsearch.com/speeding-ticket-help-glendale-az.html
